{
  "mode": "core",
  "config": "hybrid_k5",
  "avg_elapsed_time": 3.1465538442134857,
  "p50_elapsed_time": 2.7092323303222656,
  "p95_elapsed_time": 5.964264965057373,
  "avg_hit_at_5": 0.875,
  "avg_ndcg_at_5": 0.8435939575659828,
  "avg_keyword_recall": 0.1375,
  "avg_field_coverage": 0.49666666666666665,
  "avg_grounded_token_ratio": 0.6846954165777048
}