{
  "total_questions": 200,
  "avg_elapsed_time": 3.1465538442134857,
  "p50_elapsed_time": 2.7092323303222656,
  "p95_elapsed_time": 5.964264965057373,
  "max_elapsed_time": 32.25669622421265,
  "avg_num_retrieved": 4.175,
  "avg_hit_at_1": 0.825,
  "avg_hit_at_3": 0.86,
  "avg_hit_at_5": 0.875,
  "avg_mrr": 0.84325,
  "avg_ndcg_at_5": 0.8435939575659828,
  "avg_precision_at_5": 0.66475,
  "avg_recall_proxy": 0.875,
  "avg_keyword_recall": 0.1375,
  "avg_field_coverage": 0.49666666666666665,
  "avg_rougeL_f1": 0.06741467233030701,
  "avg_meteor": 0.04367921721734426,
  "avg_grounded_token_ratio": 0.6846954165777048,
  "avg_hallucination_risk_proxy": 0.31530458342229517,
  "by_category": {
    "single_doc": {
      "count": 100,
      "avg_elapsed_time": 3.5679110980033872,
      "avg_hit_at_5": 0.89,
      "avg_ndcg_at_5": 0.82797672569701,
      "avg_keyword_recall": 0.205,
      "avg_field_coverage": 0.49666666666666665,
      "avg_grounded_token_ratio": 0.5299314851537995
    },
    "follow_up": {
      "count": 100,
      "avg_elapsed_time": 2.725196590423584,
      "avg_hit_at_5": 0.86,
      "avg_ndcg_at_5": 0.8592111894349553,
      "avg_keyword_recall": 0.06999999999999999,
      "avg_grounded_token_ratio": 0.8394593480016102
    }
  }
}