{
  "total_questions": 200,
  "avg_elapsed_time": 2.8688007509708404,
  "p50_elapsed_time": 2.5033499002456665,
  "p95_elapsed_time": 6.1281404972076405,
  "max_elapsed_time": 8.401268720626831,
  "avg_num_retrieved": 7.175,
  "avg_hit_at_1": 0.825,
  "avg_hit_at_3": 0.855,
  "avg_hit_at_5": 0.865,
  "avg_mrr": 0.8422976190476191,
  "avg_ndcg_at_5": 0.8173265153657324,
  "avg_precision_at_5": 0.652,
  "avg_recall_proxy": 0.885,
  "avg_keyword_recall": 0.1325,
  "avg_field_coverage": 0.4966666666666667,
  "avg_rougeL_f1": 0.061592650253556834,
  "avg_meteor": 0.04213573395090213,
  "avg_grounded_token_ratio": 0.7257781613435833,
  "avg_hallucination_risk_proxy": 0.2742218386564167,
  "by_category": {
    "single_doc": {
      "count": 100,
      "avg_elapsed_time": 3.248929970264435,
      "avg_hit_at_5": 0.87,
      "avg_ndcg_at_5": 0.7754418412965094,
      "avg_keyword_recall": 0.195,
      "avg_field_coverage": 0.49666666666666665,
      "avg_grounded_token_ratio": 0.5691971853185962
    },
    "follow_up": {
      "count": 100,
      "avg_elapsed_time": 2.4886715316772463,
      "avg_hit_at_5": 0.86,
      "avg_ndcg_at_5": 0.8592111894349553,
      "avg_keyword_recall": 0.07,
      "avg_grounded_token_ratio": 0.8823591373685704
    }
  }
}