{
  "mode": "core",
  "config": "hybrid_k5",
  "avg_elapsed_time": 5.969486448764801,
  "p50_elapsed_time": 5.680913329124451,
  "p95_elapsed_time": 9.794035911560053,
  "avg_hit_at_5": 0.88,
  "avg_ndcg_at_5": 0.8397588572608651,
  "avg_keyword_recall": 0.2025,
  "avg_field_coverage": 0.5625,
  "avg_grounded_token_ratio": 0.5730304072735545,
  "avg_total_tokens": 3384.08
}