{
  "total_questions": 200,
  "avg_elapsed_time": 6.575548568964004,
  "p50_elapsed_time": 5.851789355278015,
  "p95_elapsed_time": 11.988675808906555,
  "max_elapsed_time": 16.838980674743652,
  "avg_num_retrieved": 4.12,
  "avg_hit_at_1": 0.805,
  "avg_hit_at_3": 0.83,
  "avg_hit_at_5": 0.85,
  "avg_mrr": 0.8197500000000001,
  "avg_ndcg_at_5": 0.8094877195415349,
  "avg_precision_at_5": 0.557,
  "avg_recall_proxy": 0.85,
  "avg_keyword_recall": 0.19333333333333336,
  "avg_field_coverage": 0.5558333333333333,
  "avg_rougeL_f1": 0.04488611069745899,
  "avg_meteor": 0.06502521541550832,
  "avg_grounded_token_ratio": 0.5589165202535837,
  "avg_hallucination_risk_proxy": 0.4410834797464163,
  "avg_prompt_tokens": 2414.395,
  "avg_completion_tokens": 645.725,
  "avg_total_tokens": 3060.12,
  "by_category": {
    "single_doc": {
      "count": 100,
      "avg_elapsed_time": 7.507219555377961,
      "avg_hit_at_5": 0.84,
      "avg_ndcg_at_5": 0.7639848578654025,
      "avg_keyword_recall": 0.19833333333333333,
      "avg_field_coverage": 0.5558333333333334,
      "avg_grounded_token_ratio": 0.39527608694207617
    },
    "follow_up": {
      "count": 100,
      "avg_elapsed_time": 5.643877582550049,
      "avg_hit_at_5": 0.86,
      "avg_ndcg_at_5": 0.8549905812176669,
      "avg_keyword_recall": 0.18833333333333332,
      "avg_grounded_token_ratio": 0.722556953565091
    }
  }
}