{
  "mode": "core",
  "config": "mmr_k5",
  "avg_elapsed_time": 6.575548568964004,
  "p50_elapsed_time": 5.851789355278015,
  "p95_elapsed_time": 11.988675808906555,
  "avg_hit_at_5": 0.85,
  "avg_ndcg_at_5": 0.8094877195415349,
  "avg_keyword_recall": 0.19333333333333336,
  "avg_field_coverage": 0.5558333333333333,
  "avg_grounded_token_ratio": 0.5589165202535837,
  "avg_total_tokens": 3060.12
}