{
  "total_questions": 200,
  "avg_elapsed_time": 5.969486448764801,
  "p50_elapsed_time": 5.680913329124451,
  "p95_elapsed_time": 9.794035911560053,
  "max_elapsed_time": 18.666938543319702,
  "avg_num_retrieved": 4.115,
  "avg_hit_at_1": 0.82,
  "avg_hit_at_3": 0.855,
  "avg_hit_at_5": 0.88,
  "avg_mrr": 0.8413333333333333,
  "avg_ndcg_at_5": 0.8397588572608651,
  "avg_precision_at_5": 0.6359999999999999,
  "avg_recall_proxy": 0.88,
  "avg_keyword_recall": 0.2025,
  "avg_field_coverage": 0.5625,
  "avg_rougeL_f1": 0.06698422293940931,
  "avg_meteor": 0.06483198540758908,
  "avg_grounded_token_ratio": 0.5730304072735545,
  "avg_hallucination_risk_proxy": 0.4269695927264454,
  "avg_prompt_tokens": 2706.575,
  "avg_completion_tokens": 677.505,
  "avg_total_tokens": 3384.08,
  "by_category": {
    "single_doc": {
      "count": 100,
      "avg_elapsed_time": 6.723935174942016,
      "avg_hit_at_5": 0.9,
      "avg_ndcg_at_5": 0.8243453288469524,
      "avg_keyword_recall": 0.21666666666666665,
      "avg_field_coverage": 0.5625,
      "avg_grounded_token_ratio": 0.43770777393661686
    },
    "follow_up": {
      "count": 100,
      "avg_elapsed_time": 5.215037722587585,
      "avg_hit_at_5": 0.86,
      "avg_ndcg_at_5": 0.8551723856747776,
      "avg_keyword_recall": 0.18833333333333332,
      "avg_grounded_token_ratio": 0.7083530406104923
    }
  }
}