{
  "total_questions": 200,
  "avg_elapsed_time": 5.008184484243393,
  "p50_elapsed_time": 4.455467224121094,
  "p95_elapsed_time": 8.566646981239316,
  "max_elapsed_time": 12.581986665725708,
  "avg_num_retrieved": 4.115,
  "avg_hit_at_1": 0.805,
  "avg_hit_at_3": 0.84,
  "avg_hit_at_5": 0.86,
  "avg_mrr": 0.8270000000000001,
  "avg_ndcg_at_5": 0.8242976529534783,
  "avg_precision_at_5": 0.61,
  "avg_recall_proxy": 0.86,
  "avg_keyword_recall": 0.1925,
  "avg_field_coverage": 0.5116666666666667,
  "avg_rougeL_f1": 0.06624295472886217,
  "avg_meteor": 0.06618148233643799,
  "avg_grounded_token_ratio": 0.6328880316147639,
  "avg_hallucination_risk_proxy": 0.3671119683852361,
  "avg_prompt_tokens": 2160.65,
  "avg_completion_tokens": 523.155,
  "avg_total_tokens": 2683.805,
  "by_category": {
    "single_doc": {
      "count": 100,
      "avg_elapsed_time": 5.59216168642044,
      "avg_hit_at_5": 0.86,
      "avg_ndcg_at_5": 0.7942593136414868,
      "avg_keyword_recall": 0.2033333333333333,
      "avg_field_coverage": 0.5116666666666666,
      "avg_grounded_token_ratio": 0.4699537508714275
    },
    "follow_up": {
      "count": 100,
      "avg_elapsed_time": 4.424207282066345,
      "avg_hit_at_5": 0.86,
      "avg_ndcg_at_5": 0.8543359922654697,
      "avg_keyword_recall": 0.18166666666666664,
      "avg_grounded_token_ratio": 0.7958223123581004
    }
  }
}