{
  "mode": "core",
  "config": "mmr_k5",
  "avg_elapsed_time": 4.640475186109543,
  "p50_elapsed_time": 4.1868815422058105,
  "p95_elapsed_time": 8.28195258378982,
  "avg_hit_at_5": 0.85,
  "avg_ndcg_at_5": 0.8101016429648447,
  "avg_keyword_recall": 0.19166666666666668,
  "avg_field_coverage": 0.5225,
  "avg_grounded_token_ratio": 0.6420634536561585,
  "avg_total_tokens": 2500.21
}