{
  "mode": "core",
  "config": "similarity_k5",
  "avg_elapsed_time": 5.008184484243393,
  "p50_elapsed_time": 4.455467224121094,
  "p95_elapsed_time": 8.566646981239316,
  "avg_hit_at_5": 0.86,
  "avg_ndcg_at_5": 0.8242976529534783,
  "avg_keyword_recall": 0.1925,
  "avg_field_coverage": 0.5116666666666667,
  "avg_grounded_token_ratio": 0.6328880316147639,
  "avg_total_tokens": 2683.805
}