{
  "mode": "core",
  "config": "hybrid_k5",
  "avg_elapsed_time": 4.314814703464508,
  "p50_elapsed_time": 4.007684588432312,
  "p95_elapsed_time": 7.381414568424221,
  "avg_hit_at_5": 0.88,
  "avg_ndcg_at_5": 0.8398405200403098,
  "avg_keyword_recall": 0.19916666666666663,
  "avg_field_coverage": 0.5425,
  "avg_grounded_token_ratio": 0.6257006716102715,
  "avg_total_tokens": 2819.39
}