{
  "total_questions": 200,
  "avg_elapsed_time": 4.293024754524231,
  "p50_elapsed_time": 3.878983974456787,
  "p95_elapsed_time": 8.074509704113007,
  "max_elapsed_time": 10.128878831863403,
  "avg_num_retrieved": 6.98,
  "avg_hit_at_1": 0.805,
  "avg_hit_at_3": 0.84,
  "avg_hit_at_5": 0.86,
  "avg_mrr": 0.8309285714285715,
  "avg_ndcg_at_5": 0.8065252273352734,
  "avg_precision_at_5": 0.61,
  "avg_recall_proxy": 0.885,
  "avg_keyword_recall": 0.18666666666666665,
  "avg_field_coverage": 0.5425,
  "avg_rougeL_f1": 0.06325032718972347,
  "avg_meteor": 0.057311149870464595,
  "avg_grounded_token_ratio": 0.6551099403478594,
  "avg_hallucination_risk_proxy": 0.34489005965214053,
  "avg_prompt_tokens": 3434.255,
  "avg_completion_tokens": 529.265,
  "avg_total_tokens": 3963.52,
  "by_category": {
    "single_doc": {
      "count": 100,
      "avg_elapsed_time": 4.715477030277253,
      "avg_hit_at_5": 0.86,
      "avg_ndcg_at_5": 0.7587144624050772,
      "avg_keyword_recall": 0.2,
      "avg_field_coverage": 0.5425,
      "avg_grounded_token_ratio": 0.5078184490701189
    },
    "follow_up": {
      "count": 100,
      "avg_elapsed_time": 3.87057247877121,
      "avg_hit_at_5": 0.86,
      "avg_ndcg_at_5": 0.8543359922654697,
      "avg_keyword_recall": 0.1733333333333333,
      "avg_grounded_token_ratio": 0.8024014316256002
    }
  }
}