{
  "mode": "core",
  "config": "similarity_k5",
  "avg_elapsed_time": 4.451177489757538,
  "p50_elapsed_time": 3.955408453941345,
  "p95_elapsed_time": 8.562460470199582,
  "avg_hit_at_5": 0.88,
  "avg_ndcg_at_5": 0.8439539088958565,
  "avg_keyword_recall": 0.19916666666666663,
  "avg_field_coverage": 0.5691666666666667,
  "avg_grounded_token_ratio": 0.5470711713048592,
  "avg_total_tokens": 2741.135
}