{
  "mode": "core",
  "config": "similarity_k10",
  "avg_elapsed_time": 5.730523482561112,
  "p50_elapsed_time": 5.148507595062256,
  "p95_elapsed_time": 9.692651820182798,
  "avg_hit_at_5": 0.88,
  "avg_ndcg_at_5": 0.8126802393268074,
  "avg_keyword_recall": 0.19833333333333333,
  "avg_field_coverage": 0.5591666666666667,
  "avg_grounded_token_ratio": 0.5629717277155868,
  "avg_total_tokens": 3916.315
}