{
  "total_questions": 200,
  "avg_elapsed_time": 4.451177489757538,
  "p50_elapsed_time": 3.955408453941345,
  "p95_elapsed_time": 8.562460470199582,
  "max_elapsed_time": 13.201018810272217,
  "avg_num_retrieved": 4.21,
  "avg_hit_at_1": 0.82,
  "avg_hit_at_3": 0.875,
  "avg_hit_at_5": 0.88,
  "avg_mrr": 0.8454166666666666,
  "avg_ndcg_at_5": 0.8439539088958565,
  "avg_precision_at_5": 0.6195,
  "avg_recall_proxy": 0.88,
  "avg_keyword_recall": 0.19916666666666663,
  "avg_field_coverage": 0.5691666666666667,
  "avg_rougeL_f1": 0.060273549227921046,
  "avg_meteor": 0.06160940168091861,
  "avg_grounded_token_ratio": 0.5470711713048592,
  "avg_hallucination_risk_proxy": 0.4529288286951409,
  "avg_prompt_tokens": 2103.61,
  "avg_completion_tokens": 637.525,
  "avg_total_tokens": 2741.135,
  "by_category": {
    "single_doc": {
      "count": 100,
      "avg_elapsed_time": 5.090299859046936,
      "avg_hit_at_5": 0.9,
      "avg_ndcg_at_5": 0.831019495137136,
      "avg_keyword_recall": 0.21,
      "avg_field_coverage": 0.5691666666666666,
      "avg_grounded_token_ratio": 0.39691239720237376
    },
    "follow_up": {
      "count": 100,
      "avg_elapsed_time": 3.8120551204681394,
      "avg_hit_at_5": 0.86,
      "avg_ndcg_at_5": 0.856888322654577,
      "avg_keyword_recall": 0.18833333333333332,
      "avg_grounded_token_ratio": 0.6972299454073445
    }
  }
}