{
  "mode": "core",
  "config": "mmr_k5",
  "avg_elapsed_time": 6.379013649225235,
  "p50_elapsed_time": 5.819518566131592,
  "p95_elapsed_time": 10.407435882091518,
  "avg_hit_at_5": 0.88,
  "avg_ndcg_at_5": 0.8361959131855281,
  "avg_keyword_recall": 0.18583333333333332,
  "avg_field_coverage": 0.5625,
  "avg_grounded_token_ratio": 0.5459694017811967,
  "avg_total_tokens": 2633.56
}