{
  "mode": "core",
  "config": "similarity_k5",
  "avg_elapsed_time": 4.870987575054169,
  "p50_elapsed_time": 4.213880896568298,
  "p95_elapsed_time": 8.463600611686706,
  "avg_hit_at_5": 0.865,
  "avg_ndcg_at_5": 0.8315926902203948,
  "avg_keyword_recall": 0.195,
  "avg_field_coverage": 0.5558333333333334,
  "avg_grounded_token_ratio": 0.5603357886700896,
  "avg_total_tokens": 3507.195
}