{
  "mode": "core",
  "config": "similarity_k10",
  "avg_elapsed_time": 5.91227603673935,
  "p50_elapsed_time": 5.4548739194869995,
  "p95_elapsed_time": 9.666930913925158,
  "avg_hit_at_5": 0.865,
  "avg_ndcg_at_5": 0.8116951222672705,
  "avg_keyword_recall": 0.2016666666666667,
  "avg_field_coverage": 0.5708333333333333,
  "avg_grounded_token_ratio": 0.5814017042341655,
  "avg_total_tokens": 5095.365
}