{
  "total_questions": 200,
  "avg_elapsed_time": 5.91227603673935,
  "p50_elapsed_time": 5.4548739194869995,
  "p95_elapsed_time": 9.666930913925158,
  "max_elapsed_time": 13.098434448242188,
  "avg_num_retrieved": 6.825,
  "avg_hit_at_1": 0.825,
  "avg_hit_at_3": 0.845,
  "avg_hit_at_5": 0.865,
  "avg_mrr": 0.8401249999999999,
  "avg_ndcg_at_5": 0.8116951222672705,
  "avg_precision_at_5": 0.617,
  "avg_recall_proxy": 0.88,
  "avg_keyword_recall": 0.2016666666666667,
  "avg_field_coverage": 0.5708333333333333,
  "avg_rougeL_f1": 0.05965674904954755,
  "avg_meteor": 0.06329329824412086,
  "avg_grounded_token_ratio": 0.5814017042341655,
  "avg_hallucination_risk_proxy": 0.4185982957658345,
  "avg_prompt_tokens": 4414.75,
  "avg_completion_tokens": 680.615,
  "avg_total_tokens": 5095.365,
  "by_category": {
    "single_doc": {
      "count": 100,
      "avg_elapsed_time": 6.568686959743499,
      "avg_hit_at_5": 0.87,
      "avg_ndcg_at_5": 0.767752939588266,
      "avg_keyword_recall": 0.205,
      "avg_field_coverage": 0.5708333333333333,
      "avg_grounded_token_ratio": 0.466503246207658
    },
    "follow_up": {
      "count": 100,
      "avg_elapsed_time": 5.255865113735199,
      "avg_hit_at_5": 0.86,
      "avg_ndcg_at_5": 0.8556373049462749,
      "avg_keyword_recall": 0.19833333333333333,
      "avg_grounded_token_ratio": 0.6963001622606731
    }
  }
}