{
  "total_questions": 200,
  "avg_elapsed_time": 6.017001011371613,
  "p50_elapsed_time": 5.601782321929932,
  "p95_elapsed_time": 10.232788789272307,
  "max_elapsed_time": 14.598540306091309,
  "avg_num_retrieved": 4.075,
  "avg_hit_at_1": 0.825,
  "avg_hit_at_3": 0.85,
  "avg_hit_at_5": 0.865,
  "avg_mrr": 0.841,
  "avg_ndcg_at_5": 0.8388153827369456,
  "avg_precision_at_5": 0.629,
  "avg_recall_proxy": 0.865,
  "avg_keyword_recall": 0.19666666666666666,
  "avg_field_coverage": 0.5725,
  "avg_rougeL_f1": 0.05874986947840984,
  "avg_meteor": 0.06603172981864637,
  "avg_grounded_token_ratio": 0.5864210079746563,
  "avg_hallucination_risk_proxy": 0.4135789920253437,
  "avg_prompt_tokens": 3014.805,
  "avg_completion_tokens": 701.255,
  "avg_total_tokens": 3716.06,
  "by_category": {
    "single_doc": {
      "count": 100,
      "avg_elapsed_time": 6.7145366382598874,
      "avg_hit_at_5": 0.87,
      "avg_ndcg_at_5": 0.8216782511636552,
      "avg_keyword_recall": 0.205,
      "avg_field_coverage": 0.5725000000000001,
      "avg_grounded_token_ratio": 0.44626274205281463
    },
    "follow_up": {
      "count": 100,
      "avg_elapsed_time": 5.319465384483338,
      "avg_hit_at_5": 0.86,
      "avg_ndcg_at_5": 0.855952514310236,
      "avg_keyword_recall": 0.18833333333333332,
      "avg_grounded_token_ratio": 0.726579273896498
    }
  }
}