{
  "mode": "core",
  "config": "hybrid_k5",
  "avg_elapsed_time": 6.017001011371613,
  "p50_elapsed_time": 5.601782321929932,
  "p95_elapsed_time": 10.232788789272307,
  "avg_hit_at_5": 0.865,
  "avg_ndcg_at_5": 0.8388153827369456,
  "avg_keyword_recall": 0.19666666666666666,
  "avg_field_coverage": 0.5725,
  "avg_grounded_token_ratio": 0.5864210079746563,
  "avg_total_tokens": 3716.06
}