{
  "total_questions": 200,
  "avg_elapsed_time": 4.125148811340332,
  "p50_elapsed_time": 3.6257596015930176,
  "p95_elapsed_time": 7.797264266014098,
  "max_elapsed_time": 11.465482234954834,
  "avg_num_retrieved": 6.825,
  "avg_hit_at_1": 0.825,
  "avg_hit_at_3": 0.845,
  "avg_hit_at_5": 0.865,
  "avg_mrr": 0.8401249999999999,
  "avg_ndcg_at_5": 0.8136293863034433,
  "avg_precision_at_5": 0.617,
  "avg_recall_proxy": 0.88,
  "avg_keyword_recall": 0.19083333333333333,
  "avg_field_coverage": 0.5333333333333333,
  "avg_rougeL_f1": 0.06286172590139757,
  "avg_meteor": 0.05592656327483722,
  "avg_grounded_token_ratio": 0.656423932361562,
  "avg_hallucination_risk_proxy": 0.3435760676384378,
  "avg_prompt_tokens": 3470.855,
  "avg_completion_tokens": 515.84,
  "avg_total_tokens": 3986.695,
  "by_category": {
    "single_doc": {
      "count": 100,
      "avg_elapsed_time": 4.626952011585235,
      "avg_hit_at_5": 0.87,
      "avg_ndcg_at_5": 0.7716214676606116,
      "avg_keyword_recall": 0.2033333333333333,
      "avg_field_coverage": 0.5333333333333333,
      "avg_grounded_token_ratio": 0.5063040206511196
    },
    "follow_up": {
      "count": 100,
      "avg_elapsed_time": 3.6233456110954285,
      "avg_hit_at_5": 0.86,
      "avg_ndcg_at_5": 0.8556373049462749,
      "avg_keyword_recall": 0.17833333333333332,
      "avg_grounded_token_ratio": 0.8065438440720049
    }
  }
}