{
  "mode": "core",
  "config": "similarity_k5",
  "avg_elapsed_time": 5.012397735118866,
  "p50_elapsed_time": 4.558956623077393,
  "p95_elapsed_time": 8.398345160484313,
  "avg_hit_at_5": 0.865,
  "avg_ndcg_at_5": 0.8315926902203948,
  "avg_keyword_recall": 0.19,
  "avg_field_coverage": 0.5408333333333333,
  "avg_grounded_token_ratio": 0.6284782380301539,
  "avg_total_tokens": 2742.205
}