{
  "total_questions": 200,
  "avg_elapsed_time": 4.637806218862534,
  "p50_elapsed_time": 4.187874674797058,
  "p95_elapsed_time": 7.979210281372067,
  "max_elapsed_time": 12.576350688934326,
  "avg_num_retrieved": 4.075,
  "avg_hit_at_1": 0.825,
  "avg_hit_at_3": 0.835,
  "avg_hit_at_5": 0.86,
  "avg_mrr": 0.836,
  "avg_ndcg_at_5": 0.8273269890939742,
  "avg_precision_at_5": 0.5589999999999999,
  "avg_recall_proxy": 0.86,
  "avg_keyword_recall": 0.19,
  "avg_field_coverage": 0.5175,
  "avg_rougeL_f1": 0.06320579983430454,
  "avg_meteor": 0.06117644697935567,
  "avg_grounded_token_ratio": 0.6357171038054017,
  "avg_hallucination_risk_proxy": 0.3642828961945983,
  "avg_prompt_tokens": 2074.705,
  "avg_completion_tokens": 480.19,
  "avg_total_tokens": 2554.895,
  "by_category": {
    "single_doc": {
      "count": 100,
      "avg_elapsed_time": 5.116431653499603,
      "avg_hit_at_5": 0.86,
      "avg_ndcg_at_5": 0.7990166732416734,
      "avg_keyword_recall": 0.19166666666666665,
      "avg_field_coverage": 0.5175,
      "avg_grounded_token_ratio": 0.46044028613102095
    },
    "follow_up": {
      "count": 100,
      "avg_elapsed_time": 4.159180784225464,
      "avg_hit_at_5": 0.86,
      "avg_ndcg_at_5": 0.8556373049462749,
      "avg_keyword_recall": 0.18833333333333332,
      "avg_grounded_token_ratio": 0.8109939214797826
    }
  }
}