{
  "mode": "core",
  "config": "mmr_k5",
  "avg_elapsed_time": 4.637806218862534,
  "p50_elapsed_time": 4.187874674797058,
  "p95_elapsed_time": 7.979210281372067,
  "avg_hit_at_5": 0.86,
  "avg_ndcg_at_5": 0.8273269890939742,
  "avg_keyword_recall": 0.19,
  "avg_field_coverage": 0.5175,
  "avg_grounded_token_ratio": 0.6357171038054017,
  "avg_total_tokens": 2554.895
}