{
  "mode": "core",
  "config": "hybrid_k5",
  "avg_elapsed_time": 4.799632147550583,
  "p50_elapsed_time": 4.251242637634277,
  "p95_elapsed_time": 8.829579484462728,
  "avg_hit_at_5": 0.885,
  "avg_ndcg_at_5": 0.8462366896807788,
  "avg_keyword_recall": 0.19833333333333333,
  "avg_field_coverage": 0.5458333333333334,
  "avg_grounded_token_ratio": 0.6328246029976371,
  "avg_total_tokens": 2784.185
}