{
  "mode": "core",
  "config": "similarity_k5",
  "avg_elapsed_time": 4.6702227675914765,
  "p50_elapsed_time": 4.325925230979919,
  "p95_elapsed_time": 8.00493593215942,
  "avg_hit_at_5": 0.88,
  "avg_ndcg_at_5": 0.8401243666811861,
  "avg_keyword_recall": 0.18166666666666667,
  "avg_field_coverage": 0.5508333333333333,
  "avg_grounded_token_ratio": 0.6114534460174114,
  "avg_total_tokens": 2686.055
}