{
  "mode": "core",
  "config": "similarity_k5",
  "avg_elapsed_time": 4.724164798259735,
  "p50_elapsed_time": 4.2487629652023315,
  "p95_elapsed_time": 8.852257990837094,
  "avg_hit_at_5": 0.88,
  "avg_ndcg_at_5": 0.8401243666811861,
  "avg_keyword_recall": 0.19333333333333333,
  "avg_field_coverage": 0.57,
  "avg_grounded_token_ratio": 0.5605492745616961,
  "avg_total_tokens": 3073.19
}