{
  "mode": "core",
  "config": "mmr_k5",
  "avg_elapsed_time": 6.455256832838058,
  "p50_elapsed_time": 6.029737234115601,
  "p95_elapsed_time": 10.916561520099638,
  "avg_hit_at_5": 0.86,
  "avg_ndcg_at_5": 0.8273691950542431,
  "avg_keyword_recall": 0.19,
  "avg_field_coverage": 0.5583333333333335,
  "avg_grounded_token_ratio": 0.5602603839921769,
  "avg_total_tokens": 2900.83
}