{
  "total_questions": 200,
  "avg_elapsed_time": 6.455256832838058,
  "p50_elapsed_time": 6.029737234115601,
  "p95_elapsed_time": 10.916561520099638,
  "max_elapsed_time": 16.44952964782715,
  "avg_num_retrieved": 4.17,
  "avg_hit_at_1": 0.81,
  "avg_hit_at_3": 0.85,
  "avg_hit_at_5": 0.86,
  "avg_mrr": 0.8314166666666667,
  "avg_ndcg_at_5": 0.8273691950542431,
  "avg_precision_at_5": 0.558,
  "avg_recall_proxy": 0.86,
  "avg_keyword_recall": 0.19,
  "avg_field_coverage": 0.5583333333333335,
  "avg_rougeL_f1": 0.050928153340843475,
  "avg_meteor": 0.0664605455544195,
  "avg_grounded_token_ratio": 0.5602603839921769,
  "avg_hallucination_risk_proxy": 0.4397396160078231,
  "avg_prompt_tokens": 2272.34,
  "avg_completion_tokens": 628.49,
  "avg_total_tokens": 2900.83,
  "by_category": {
    "single_doc": {
      "count": 100,
      "avg_elapsed_time": 7.2429617238044735,
      "avg_hit_at_5": 0.86,
      "avg_ndcg_at_5": 0.7983585740023194,
      "avg_keyword_recall": 0.195,
      "avg_field_coverage": 0.5583333333333333,
      "avg_grounded_token_ratio": 0.40684603536228114
    },
    "follow_up": {
      "count": 100,
      "avg_elapsed_time": 5.667551941871643,
      "avg_hit_at_5": 0.86,
      "avg_ndcg_at_5": 0.8563798161061669,
      "avg_keyword_recall": 0.185,
      "avg_grounded_token_ratio": 0.7136747326220727
    }
  }
}