{
  "total_questions": 200,
  "avg_elapsed_time": 5.898002588748932,
  "p50_elapsed_time": 5.408437252044678,
  "p95_elapsed_time": 10.749280309677124,
  "max_elapsed_time": 15.27878451347351,
  "avg_num_retrieved": 4.175,
  "avg_hit_at_1": 0.815,
  "avg_hit_at_3": 0.865,
  "avg_hit_at_5": 0.885,
  "avg_mrr": 0.84175,
  "avg_ndcg_at_5": 0.8462366896807788,
  "avg_precision_at_5": 0.638,
  "avg_recall_proxy": 0.885,
  "avg_keyword_recall": 0.19916666666666663,
  "avg_field_coverage": 0.5616666666666666,
  "avg_rougeL_f1": 0.05271971128972163,
  "avg_meteor": 0.06663237819417135,
  "avg_grounded_token_ratio": 0.5560213942967863,
  "avg_hallucination_risk_proxy": 0.4439786057032137,
  "avg_prompt_tokens": 2486.245,
  "avg_completion_tokens": 668.87,
  "avg_total_tokens": 3155.115,
  "by_category": {
    "single_doc": {
      "count": 100,
      "avg_elapsed_time": 6.614287490844727,
      "avg_hit_at_5": 0.91,
      "avg_ndcg_at_5": 0.8354544581805717,
      "avg_keyword_recall": 0.21333333333333332,
      "avg_field_coverage": 0.5616666666666666,
      "avg_grounded_token_ratio": 0.41981678421309937
    },
    "follow_up": {
      "count": 100,
      "avg_elapsed_time": 5.181717686653137,
      "avg_hit_at_5": 0.86,
      "avg_ndcg_at_5": 0.857018921180986,
      "avg_keyword_recall": 0.185,
      "avg_grounded_token_ratio": 0.6922260043804732
    }
  }
}