{
  "total_questions": 200,
  "avg_elapsed_time": 4.724164798259735,
  "p50_elapsed_time": 4.2487629652023315,
  "p95_elapsed_time": 8.852257990837094,
  "max_elapsed_time": 12.034584760665894,
  "avg_num_retrieved": 4.165,
  "avg_hit_at_1": 0.81,
  "avg_hit_at_3": 0.86,
  "avg_hit_at_5": 0.88,
  "avg_mrr": 0.8389166666666666,
  "avg_ndcg_at_5": 0.8401243666811861,
  "avg_precision_at_5": 0.621,
  "avg_recall_proxy": 0.88,
  "avg_keyword_recall": 0.19333333333333333,
  "avg_field_coverage": 0.57,
  "avg_rougeL_f1": 0.05917354564280219,
  "avg_meteor": 0.06511914654068754,
  "avg_grounded_token_ratio": 0.5605492745616961,
  "avg_hallucination_risk_proxy": 0.4394507254383038,
  "avg_prompt_tokens": 2392.44,
  "avg_completion_tokens": 680.75,
  "avg_total_tokens": 3073.19,
  "by_category": {
    "single_doc": {
      "count": 100,
      "avg_elapsed_time": 5.36516361951828,
      "avg_hit_at_5": 0.9,
      "avg_ndcg_at_5": 0.8238689172562053,
      "avg_keyword_recall": 0.2033333333333333,
      "avg_field_coverage": 0.57,
      "avg_grounded_token_ratio": 0.41425346442384525
    },
    "follow_up": {
      "count": 100,
      "avg_elapsed_time": 4.08316597700119,
      "avg_hit_at_5": 0.86,
      "avg_ndcg_at_5": 0.8563798161061669,
      "avg_keyword_recall": 0.18333333333333332,
      "avg_grounded_token_ratio": 0.7068450846995471
    }
  }
}