{
  "mode": "core",
  "config": "hybrid_k5",
  "avg_elapsed_time": 5.898002588748932,
  "p50_elapsed_time": 5.408437252044678,
  "p95_elapsed_time": 10.749280309677124,
  "avg_hit_at_5": 0.885,
  "avg_ndcg_at_5": 0.8462366896807788,
  "avg_keyword_recall": 0.19916666666666663,
  "avg_field_coverage": 0.5616666666666666,
  "avg_grounded_token_ratio": 0.5560213942967863,
  "avg_total_tokens": 3155.115
}