{
  "mode": "core",
  "config": "similarity_k10",
  "avg_elapsed_time": 6.024617675542832,
  "p50_elapsed_time": 5.282712817192078,
  "p95_elapsed_time": 10.600722539424892,
  "avg_hit_at_5": 0.88,
  "avg_ndcg_at_5": 0.8130800875105697,
  "avg_keyword_recall": 0.19666666666666666,
  "avg_field_coverage": 0.5666666666666667,
  "avg_grounded_token_ratio": 0.5779083063152481,
  "avg_total_tokens": 4425.315
}