{
  "total_questions": 200,
  "avg_elapsed_time": 6.024617675542832,
  "p50_elapsed_time": 5.282712817192078,
  "p95_elapsed_time": 10.600722539424892,
  "max_elapsed_time": 18.881023406982422,
  "avg_num_retrieved": 7.175,
  "avg_hit_at_1": 0.81,
  "avg_hit_at_3": 0.86,
  "avg_hit_at_5": 0.88,
  "avg_mrr": 0.8404642857142857,
  "avg_ndcg_at_5": 0.8130800875105697,
  "avg_precision_at_5": 0.621,
  "avg_recall_proxy": 0.89,
  "avg_keyword_recall": 0.19666666666666666,
  "avg_field_coverage": 0.5666666666666667,
  "avg_rougeL_f1": 0.06298839634080768,
  "avg_meteor": 0.06418879795739657,
  "avg_grounded_token_ratio": 0.5779083063152481,
  "avg_hallucination_risk_proxy": 0.42209169368475186,
  "avg_prompt_tokens": 3728.37,
  "avg_completion_tokens": 696.945,
  "avg_total_tokens": 4425.315,
  "by_category": {
    "single_doc": {
      "count": 100,
      "avg_elapsed_time": 6.791035068035126,
      "avg_hit_at_5": 0.9,
      "avg_ndcg_at_5": 0.7697803589149728,
      "avg_keyword_recall": 0.20666666666666664,
      "avg_field_coverage": 0.5666666666666667,
      "avg_grounded_token_ratio": 0.4542729146646197
    },
    "follow_up": {
      "count": 100,
      "avg_elapsed_time": 5.258200283050537,
      "avg_hit_at_5": 0.86,
      "avg_ndcg_at_5": 0.8563798161061669,
      "avg_keyword_recall": 0.18666666666666665,
      "avg_grounded_token_ratio": 0.7015436979658767
    }
  }
}